,dark,auto,msrcr,msrcp,,,,,,,,,,,,,,,,,,,,,,,,,,,,
2015_04944,0.424400001764297,0.898500025272369,0.875599980354309,0.950200021266937,,,,,,,,,,,,,,,,,,,,,,,,,,,,
2015_04946,0.965699970722198,0.943000018596649,0.841499984264374,0.885900020599365,,,,,,,,,,,,,,,,,,,,,,,,,,,,
2015_04947,0.721700012683868,0.792100012302399,0.547999978065491,0.840399980545044,,,,,,,,,,,,,,,,,,,,,,,,,,,,
2015_04949,0.304500013589859,0.623700022697449,0.641700029373169,0.57669997215271,,,,,,,,,,,,,,,,,,,,,,,,,,,,
2015_04951,0.255899995565414,0.474299997091293,0.598599970340729,0.376300007104874,,,,,,,,,,,,,,,,,,,,,,,,,,,,
2015_04952,0.425300002098083,0.91729998588562,0.505400002002716,0.89819997549057,,,,,,,,,,,,,,,,,,,,,,,,,,,,
2015_04953,0.532800018787384,0.850600004196167,0.937900006771088,0.917500019073486,,,,,,,,,,,,,,,,,,,,,,,,,,,,
2015_04954,0.888899981975555,0.829299986362457,0.929199993610382,0.814999997615814,,,,,,,,,,,,,,,,,,,,,,,,,,,,
2015_04955,0.359800010919571,0.191599994897842,0.479200005531311,0.254799991846085,,,,,,,,,,,,,,,,,,,,,,,,,,,,
2015_04956,0.778699994087219,0.517400026321411,0.260300010442734,0.550499975681305,,,,,,,,,,,,,,,,,,,,,,,,,,,,
2015_04957,0.215399995446205,0.0509999990463257,0.0465999990701675,0.12219999730587,,,,,,,,,,,,,,,,,,,,,,,,,,,,
2015_04958,0.151099994778633,0.83050000667572,0.109600000083447,0.929300010204315,,,,,,,,,,,,,,,,,,,,,,,,,,,,
2015_04959,0.771399974822998,0.408899992704391,0.0890000015497208,0.0860000029206276,,,,,,,,,,,,,,,,,,,,,,,,,,,,
2015_04960,0.865800023078918,0.966799974441528,0.735300004482269,0.927299976348877,,,,,,,,,,,,,,,,,,,,,,,,,,,,
2015_04961,0.662199974060059,0.76010000705719,0.368600010871887,0.745299994945526,,,,,,,,,,,,,,,,,,,,,,,,,,,,
2015_04962,0.935100018978119,0.74370002746582,0.937099993228912,0.944800019264221,,,,,,,,,,,,,,,,,,,,,,,,,,,,
2015_04963,0.580999970436096,0.220300003886223,0.95959997177124,0.901199996471405,,,,,,,,,,,,,,,,,,,,,,,,,,,,
2015_04964,0.106499999761581,0.904799997806549,0.908699989318848,0.695500016212463,,,,,,,,,,,,,,,,,,,,,,,,,,,,
2015_04965,0.945900022983551,0.654999971389771,0.710900008678436,0.473800003528595,,,,,,,,,,,,,,,,,,,,,,,,,,,,
2015_04966,0.799899995326996,0.210400000214577,0.0799999982118607,0.392199993133545,,,,,,,,,,,,,,,,,,,,,,,,,,,,
2015_04967,0.737999975681305,0.745500028133392,0.930899977684021,0.961899995803833,,,,,,,,,,,,,,,,,,,,,,,,,,,,
2015_04968,0.127700001001358,0.46000000834465,0.601499974727631,0.471500009298325,,,,,,,,,,,,,,,,,,,,,,,,,,,,
2015_04969,0.969399988651276,0.880400002002716,0.797500014305115,0.774699985980988,,,,,,,,,,,,,,,,,,,,,,,,,,,,
2015_04970,0.0260000005364418,0.0663999989628792,0.0306000001728535,0.132799997925758,,,,,,,,,,,,,,,,,,,,,,,,,,,,
2015_04971,0.00380000006407499,0.142700001597405,0.15090000629425,0.162900000810623,,,,,,,,,,,,,,,,,,,,,,,,,,,,
2015_04972,0.496899992227554,0.824699997901917,0.822399973869324,0.847400009632111,,,,,,,,,,,,,,,,,,,,,,,,,,,,
2015_04973,0.982699990272522,0.987900018692017,0.998399972915649,0.969600021839142,,,,,,,,,,,,,,,,,,,,,,,,,,,,
2015_04974,0.624800026416779,0.991400003433228,0.931699991226196,0.870199978351593,,,,,,,,,,,,,,,,,,,,,,,,,,,,
2015_04975,0.642000019550323,0.918200016021729,0.284000009298325,0.702499985694885,,,,,,,,,,,,,,,,,,,,,,,,,,,,
2015_04976,0.977800011634827,0.953400015830994,0.865499973297119,0.976000010967255,,,,,,,,,,,,,,,,,,,,,,,,,,,,
2015_04977,0.945299983024597,0.944400012493134,0.902499973773956,0.785799980163574,,,,,,,,,,,,,,,,,,,,,,,,,,,,
2015_04978,0.991800010204315,0.994700014591217,0.988600015640259,0.98989999294281,,,,,,,,,,,,,,,,,,,,,,,,,,,,
2015_04979,0.299800008535385,0.977400004863739,0.667699992656708,0.963299989700317,,,,,,,,,,,,,,,,,,,,,,,,,,,,
2015_04980,0.819999992847443,0.948000013828278,0.912400007247925,0.926100015640259,,,,,,,,,,,,,,,,,,,,,,,,,,,,
2015_04981,0.493900001049042,0.957099974155426,0.582599997520447,0.796999990940094,,,,,,,,,,,,,,,,,,,,,,,,,,,,
2015_04982,0.644900023937225,0.44539999961853,0.232700005173683,0.582199990749359,,,,,,,,,,,,,,,,,,,,,,,,,,,,
2015_04983,0.597899973392487,0.897800028324127,0.976199984550476,0.819500029087067,,,,,,,,,,,,,,,,,,,,,,,,,,,,
2015_04984,0.0908000022172928,0.363400012254715,0.326700001955032,0.502600014209747,,,,,,,,,,,,,,,,,,,,,,,,,,,,
2015_04985,0.0736000016331673,0.148699998855591,0.0427000001072884,0.375299990177154,,,,,,,,,,,,,,,,,,,,,,,,,,,,
2015_04986,0.70660001039505,0.673500001430511,0.605599999427795,0.452800005674362,,,,,,,,,,,,,,,,,,,,,,,,,,,,
2015_04987,0.966199994087219,0.922599971294403,0.949299991130829,0.943899989128113,,,,,,,,,,,,,,,,,,,,,,,,,,,,
2015_04988,0.947200000286102,0.621800005435944,0.905700027942657,0.800899982452393,,,,,,,,,,,,,,,,,,,,,,,,,,,,
2015_04989,0.234699994325638,0.981899976730347,0.981299996376038,0.958199977874756,,,,,,,,,,,,,,,,,,,,,,,,,,,,
2015_04990,0.375400006771088,0.192800000309944,0.553699970245361,0.672900021076202,,,,,,,,,,,,,,,,,,,,,,,,,,,,
2015_04991,0.567099988460541,0.793500006198883,0.428099989891052,0.804700016975403,,,,,,,,,,,,,,,,,,,,,,,,,,,,
2015_04992,0.629000008106232,0.340400010347366,0.595000028610229,0.37279999256134,,,,,,,,,,,,,,,,,,,,,,,,,,,,
2015_04993,0.967599987983704,0.809599995613098,0.949899971485138,0.884500026702881,,,,,,,,,,,,,,,,,,,,,,,,,,,,
2015_04994,0.880299985408783,0.643899977207184,0.854399979114532,0.88239997625351,,,,,,,,,,,,,,,,,,,,,,,,,,,,
2015_04995,0.995500028133392,0.984200000762939,0.997500002384186,0.992900013923645,,,,,,,,,,,,,,,,,,,,,,,,,,,,
2015_04996,0.909699976444244,0.943099975585938,0.946600019931793,0.987500011920929,,,,,,,,,,,,,,,,,,,,,,,,,,,,
2015_04997,0.760599970817566,0.830799996852875,0.918099999427795,0.713100016117096,,,,,,,,,,,,,,,,,,,,,,,,,,,,
2015_04998,0.409000009298325,0.27140000462532,0.438100010156632,0.285299986600876,,,,,,,,,,,,,,,,,,,,,,,,,,,,
2015_04999,0.329299986362457,0.48879998922348,0.308499991893768,0.266200006008148,,,,,,,,,,,,,,,,,,,,,,,,,,,,
2015_05000,0.0485999993979931,0.560800015926361,0.0784000009298325,0.409999996423721,,,,,,,,,,,,,,,,,,,,,,,,,,,,
2015_05001,0.991199970245361,0.990400016307831,0.991699993610382,0.987500011920929,,,,,,,,,,,,,,,,,,,,,,,,,,,,
2015_05002,0.878799974918365,0.971199989318848,0.963599979877472,0.851899981498718,,,,,,,,,,,,,,,,,,,,,,,,,,,,
2015_05003,0.99779999256134,0.991999983787537,0.968999981880188,0.980199992656708,,,,,,,,,,,,,,,,,,,,,,,,,,,,
2015_05004,0.114900000393391,0.980300009250641,0.933799982070923,0.961000025272369,,,,,,,,,,,,,,,,,,,,,,,,,,,,
2015_05005,0.97759997844696,0.988600015640259,0.793699979782104,0.983699977397919,,,,,,,,,,,,,,,,,,,,,,,,,,,,
2015_05006,0.58569997549057,0.291599988937378,0.436699986457825,0.28439998626709,,,,,,,,,,,,,,,,,,,,,,,,,,,,
2015_05007,0.970300018787384,0.219899997115135,0.546599984169006,0.130899995565414,,,,,,,,,,,,,,,,,,,,,,,,,,,,
2015_05008,0.98199999332428,0.995000004768372,0.962999999523163,0.943599998950958,,,,,,,,,,,,,,,,,,,,,,,,,,,,
2015_05009,0.212699994444847,0.0285000000149012,0.0697999969124794,0.0847999975085258,,,,,,,,,,,,,,,,,,,,,,,,,,,,
2015_05010,0.494300007820129,0.25670000910759,0.100599996745586,0.294099986553192,,,,,,,,,,,,,,,,,,,,,,,,,,,,
2015_05011,0.0781000033020973,0.935000002384186,0.350100010633469,0.69870001077652,,,,,,,,,,,,,,,,,,,,,,,,,,,,
2015_05012,0.917100012302399,0.910300016403198,0.939100027084351,0.96289998292923,,,,,,,,,,,,,,,,,,,,,,,,,,,,
2015_05013,0.602800011634827,0.626600027084351,0.203600004315376,0.678699970245361,,,,,,,,,,,,,,,,,,,,,,,,,,,,
2015_05014,0.975600004196167,0.988099992275238,0.995100021362305,0.99779999256134,,,,,,,,,,,,,,,,,,,,,,,,,,,,
2015_05015,0.865000009536743,0.58160001039505,0.497200012207031,0.672699987888336,,,,,,,,,,,,,,,,,,,,,,,,,,,,
2015_05016,0.927699983119965,0.974699974060059,0.953800022602081,0.13850000500679,,,,,,,,,,,,,,,,,,,,,,,,,,,,
2015_05017,0.00980000011622906,0.440200001001358,0.160400003194809,0.232600003480911,,,,,,,,,,,,,,,,,,,,,,,,,,,,
2015_05018,0.982400000095367,0.976000010967255,0.996599972248077,0.989300012588501,,,,,,,,,,,,,,,,,,,,,,,,,,,,
2015_05019,0.54610002040863,0.762899994850159,0.209700003266335,0.564100027084351,,,,,,,,,,,,,,,,,,,,,,,,,,,,
2015_05020,0.439200013875961,0.499099999666214,0.451700001955032,0.349200010299683,,,,,,,,,,,,,,,,,,,,,,,,,,,,
2015_05021,0.97299998998642,0.985499978065491,0.880699992179871,0.923500001430511,,,,,,,,,,,,,,,,,,,,,,,,,,,,
2015_05022,0.981199979782104,0.971800029277802,0.939999997615814,0.9757000207901,,,,,,,,,,,,,,,,,,,,,,,,,,,,
2015_05023,0.261900007724762,0.556999981403351,0.791599988937378,0.873199999332428,,,,,,,,,,,,,,,,,,,,,,,,,,,,
2015_05024,0.928600013256073,0.995899975299835,0.989099979400635,0.996399998664856,,,,,,,,,,,,,,,,,,,,,,,,,,,,
2015_05025,0.449200004339218,0.69760000705719,0.889699995517731,0.700100004673004,,,,,,,,,,,,,,,,,,,,,,,,,,,,
2015_05026,0.765399992465973,0.560899972915649,0.844099998474121,0.593500018119812,,,,,,,,,,,,,,,,,,,,,,,,,,,,
2015_05027,0.761799991130829,0.961099982261658,0.958500027656555,0.956900000572205,,,,,,,,,,,,,,,,,,,,,,,,,,,,
2015_05028,0.823300004005432,0.861500024795532,0.746100008487701,0.96450001001358,,,,,,,,,,,,,,,,,,,,,,,,,,,,
2015_05029,0.97869998216629,0.743499994277954,0.657000005245209,0.313300013542175,,,,,,,,,,,,,,,,,,,,,,,,,,,,
2015_05030,0.0653000026941299,0.226699993014336,0.0705000013113022,0.545199990272522,,,,,,,,,,,,,,,,,,,,,,,,,,,,
2015_05031,0.606899976730347,0.239099994301796,0.247999995946884,0.470200002193451,,,,,,,,,,,,,,,,,,,,,,,,,,,,
2015_05032,0.858399987220764,0.995500028133392,0.953700006008148,0.944400012493134,,,,,,,,,,,,,,,,,,,,,,,,,,,,
2015_05033,0.389699995517731,0.543200016021729,0.588900029659271,0.795899987220764,,,,,,,,,,,,,,,,,,,,,,,,,,,,
2015_05034,0.989600002765656,0.961000025272369,0.993399977684021,0.990899980068207,,,,,,,,,,,,,,,,,,,,,,,,,,,,
2015_05035,0.0221999995410442,0.601499974727631,0.58840000629425,0.267699986696243,,,,,,,,,,,,,,,,,,,,,,,,,,,,
2015_05036,0.693599998950958,0.544200003147125,0.8682000041008,0.916999995708466,,,,,,,,,,,,,,,,,,,,,,,,,,,,
2015_05037,0.960799992084503,0.227899998426437,0.660799980163574,0.905700027942657,,,,,,,,,,,,,,,,,,,,,,,,,,,,
2015_05038,0.996800005435944,0.996100008487701,0.996500015258789,0.985599994659424,,,,,,,,,,,,,,,,,,,,,,,,,,,,
2015_05039,0.994400024414063,0.911400020122528,0.901400029659271,0.902700006961823,,,,,,,,,,,,,,,,,,,,,,,,,,,,
2015_05040,0.879100024700165,0.992699980735779,0.973699986934662,0.976199984550476,,,,,,,,,,,,,,,,,,,,,,,,,,,,
2015_05041,0.78600001335144,0.735300004482269,0.853799998760223,0.698099970817566,,,,,,,,,,,,,,,,,,,,,,,,,,,,
2015_05042,0.94080001115799,0.990499973297119,0.96399998664856,0.985000014305115,,,,,,,,,,,,,,,,,,,,,,,,,,,,
2015_05043,0.861599981784821,0.717100024223328,0.93970000743866,0.384600013494492,,,,,,,,,,,,,,,,,,,,,,,,,,,,
2015_05044,0.364600002765656,0.485000014305115,0.686299979686737,0.19370000064373,,,,,,,,,,,,,,,,,,,,,,,,,,,,
2015_05045,0.955799996852875,0.982299983501434,0.995999991893768,0.934700012207031,,,,,,,,,,,,,,,,,,,,,,,,,,,,
2015_05046,0.0817999988794327,0.287099987268448,0.069300003349781,0.134200006723404,,,,,,,,,,,,,,,,,,,,,,,,,,,,
2015_05047,0.954800009727478,0.287200003862381,0.206599995493889,0.368499994277954,,,,,,,,,,,,,,,,,,,,,,,,,,,,
2015_05048,0.930800020694733,0.772499978542328,0.920199990272522,0.824699997901917,,,,,,,,,,,,,,,,,,,,,,,,,,,,
2015_05049,0.758000016212463,0.500999987125397,0.759299993515015,0.638100028038025,,,,,,,,,,,,,,,,,,,,,,,,,,,,
2015_05050,0.255400002002716,0.850600004196167,0.713299989700317,0.253100007772446,,,,,,,,,,,,,,,,,,,,,,,,,,,,
2015_05051,0.878700017929077,0.977199971675873,0.986699998378754,0.962999999523163,,,,,,,,,,,,,,,,,,,,,,,,,,,,
2015_05052,0.965799987316132,0.873600006103516,0.800599992275238,0.983699977397919,,,,,,,,,,,,,,,,,,,,,,,,,,,,
2015_05053,0.524800002574921,0.7814000248909,0.440699994564056,0.240600004792213,,,,,,,,,,,,,,,,,,,,,,,,,,,,
2015_05054,0.961399972438812,0.989700019359589,0.91159999370575,0.972599983215332,,,,,,,,,,,,,,,,,,,,,,,,,,,,
2015_05055,0.839600026607513,0.317699998617172,0.803200006484985,0.564000010490417,,,,,,,,,,,,,,,,,,,,,,,,,,,,
2015_05056,0.759299993515015,0.967000007629395,0.932500004768372,0.681999981403351,,,,,,,,,,,,,,,,,,,,,,,,,,,,
2015_05057,0.966899991035461,0.949500024318695,0.954200029373169,0.977800011634827,,,,,,,,,,,,,,,,,,,,,,,,,,,,
2015_05058,0.938499987125397,0.990000009536743,0.959200024604797,0.980099976062775,,,,,,,,,,,,,,,,,,,,,,,,,,,,
2015_05059,0.965099990367889,0.9442999958992,0.93120002746582,0.555400013923645,,,,,,,,,,,,,,,,,,,,,,,,,,,,
2015_05060,0.710799992084503,0.991999983787537,0.942200005054474,0.995100021362305,,,,,,,,,,,,,,,,,,,,,,,,,,,,
2015_05061,0.0832000002264977,0.529500007629395,0.44200000166893,0.912699997425079,,,,,,,,,,,,,,,,,,,,,,,,,,,,
2015_05062,0.0209999997168779,0.540300011634827,0.0966999977827072,0.776400029659271,,,,,,,,,,,,,,,,,,,,,,,,,,,,
2015_05063,0.999,0.999,0.840699970722198,0.998499989509583,,,,,,,,,,,,,,,,,,,,,,,,,,,,
2015_05064,0.384600013494492,0.989499986171722,0.973100006580353,0.969299972057343,,,,,,,,,,,,,,,,,,,,,,,,,,,,
2015_05065,0.944500029087067,0.992399990558624,0.966000020503998,0.995000004768372,,,,,,,,,,,,,,,,,,,,,,,,,,,,
2015_05066,0.136999994516373,0.909900009632111,0.998700022697449,0.997099995613098,,,,,,,,,,,,,,,,,,,,,,,,,,,,
2015_05067,0.493099987506867,0.765600025653839,0.171000003814697,0.829699993133545,,,,,,,,,,,,,,,,,,,,,,,,,,,,
2015_05068,0.57370001077652,0.556999981403351,0.735599994659424,0.815500020980835,,,,,,,,,,,,,,,,,,,,,,,,,,,,
2015_05069,0.734600007534027,0.905200004577637,0.901300013065338,0.939100027084351,,,,,,,,,,,,,,,,,,,,,,,,,,,,
2015_05070,0.993300020694733,0.997699975967407,0.989300012588501,0.99889999628067,,,,,,,,,,,,,,,,,,,,,,,,,,,,
2015_05071,0.786899983882904,0.965699970722198,0.953499972820282,0.993300020694733,,,,,,,,,,,,,,,,,,,,,,,,,,,,
2015_05072,0.133699998259544,0.705699980258942,0.0821999981999397,0.708000004291534,,,,,,,,,,,,,,,,,,,,,,,,,,,,
2015_05073,0.921700000762939,0.973900020122528,0.966000020503998,0.971300005912781,,,,,,,,,,,,,,,,,,,,,,,,,,,,
2015_05074,0.410800009965897,0.75110000371933,0.362899988889694,0.150600001215935,,,,,,,,,,,,,,,,,,,,,,,,,,,,
2015_05075,0.818300008773804,0.774699985980988,0.76910001039505,0.613699972629547,,,,,,,,,,,,,,,,,,,,,,,,,,,,
2015_05076,0.1942999958992,0.547699987888336,0.277500003576279,0.605700016021729,,,,,,,,,,,,,,,,,,,,,,,,,,,,
2015_05077,0.63510000705719,0.649100005626678,0.5314000248909,0.315299987792969,,,,,,,,,,,,,,,,,,,,,,,,,,,,
2015_05078,0.762000024318695,0.95880001783371,0.818400025367737,0.974500000476837,,,,,,,,,,,,,,,,,,,,,,,,,,,,
2015_05079,0.672399997711182,0.267300009727478,0.129899993538857,0.26240000128746,,,,,,,,,,,,,,,,,,,,,,,,,,,,
2015_05080,0.963500022888184,0.974900007247925,0.843299984931946,0.940699994564056,,,,,,,,,,,,,,,,,,,,,,,,,,,,
2015_05081,0.42629998922348,0.343400001525879,0.0742999985814095,0.373400002717972,,,,,,,,,,,,,,,,,,,,,,,,,,,,
2015_05082,0.955099999904633,0.98879998922348,0.94980001449585,0.38280001282692,,,,,,,,,,,,,,,,,,,,,,,,,,,,
2015_05083,0.578599989414215,0.371899992227554,0.137500002980232,0.358399987220764,,,,,,,,,,,,,,,,,,,,,,,,,,,,
2015_05084,0.0438000001013279,0.642799973487854,0.261400014162064,0.530900001525879,,,,,,,,,,,,,,,,,,,,,,,,,,,,
2015_05085,0.842700004577637,0.821399986743927,0.452800005674362,0.555000007152557,,,,,,,,,,,,,,,,,,,,,,,,,,,,
2015_05086,0.992399990558624,0.994899988174438,0.993799984455109,0.995700001716614,,,,,,,,,,,,,,,,,,,,,,,,,,,,
2015_05087,0.19760000705719,0.133499994874,0.486999988555908,0.448300004005432,,,,,,,,,,,,,,,,,,,,,,,,,,,,
2015_05088,0.99370002746582,0.929000020027161,0.994199991226196,0.907100021839142,,,,,,,,,,,,,,,,,,,,,,,,,,,,
2015_05089,0.325199991464615,0.920099973678589,0.192100003361702,0.187600001692772,,,,,,,,,,,,,,,,,,,,,,,,,,,,
2015_05090,0.999,0.999,0.999,0.999,,,,,,,,,,,,,,,,,,,,,,,,,,,,
2015_05091,0.0315000005066395,0.00700000021606684,0.00529999984428287,0.0242999996989965,,,,,,,,,,,,,,,,,,,,,,,,,,,,
2015_05092,0.997399985790253,0.992299973964691,0.982500016689301,0.991400003433228,,,,,,,,,,,,,,,,,,,,,,,,,,,,
2015_05093,0.258300006389618,0.340900003910065,0.415399998426437,0.130999997258186,,,,,,,,,,,,,,,,,,,,,,,,,,,,
2015_05094,0.918600022792816,0.490399986505508,0.854900002479553,0.903999984264374,,,,,,,,,,,,,,,,,,,,,,,,,,,,
2015_05095,0.806400001049042,0.889299988746643,0.977400004863739,0.933600008487701,,,,,,,,,,,,,,,,,,,,,,,,,,,,
2015_05096,0.507600009441376,0.708899974822998,0.635500013828278,0.694700002670288,,,,,,,,,,,,,,,,,,,,,,,,,,,,
2015_05097,0.867900013923645,0.975000023841858,0.505400002002716,0.648100018501282,,,,,,,,,,,,,,,,,,,,,,,,,,,,
2015_05098,0.607299983501434,0.545099973678589,0.0604000017046928,0.29449999332428,,,,,,,,,,,,,,,,,,,,,,,,,,,,
2015_05099,0.720899999141693,0.0877000018954277,0.233500003814697,0.169200003147125,,,,,,,,,,,,,,,,,,,,,,,,,,,,
2015_05100,0.936200022697449,0.931699991226196,0.990700006484985,0.76120001077652,,,,,,,,,,,,,,,,,,,,,,,,,,,,
2015_05101,0.986899971961975,0.819999992847443,0.955900013446808,0.996299982070923,,,,,,,,,,,,,,,,,,,,,,,,,,,,
2015_05102,0.871800005435944,0.995100021362305,0.958599984645844,0.97869998216629,,,,,,,,,,,,,,,,,,,,,,,,,,,,
2015_05103,0.157199993729591,0.424800008535385,0.366600006818771,0.349299997091293,,,,,,,,,,,,,,,,,,,,,,,,,,,,
2015_05104,0.626999974250793,0.70990002155304,0.856100022792816,0.475899994373321,,,,,,,,,,,,,,,,,,,,,,,,,,,,
2015_05105,0.734200000762939,0.624499976634979,0.595399975776672,0.221799999475479,,,,,,,,,,,,,,,,,,,,,,,,,,,,
2015_05106,0.997500002384186,0.989799976348877,0.97680002450943,0.995899975299835,,,,,,,,,,,,,,,,,,,,,,,,,,,,
2015_05107,0.214100003242493,0.450500011444092,0.410100013017654,0.274599999189377,,,,,,,,,,,,,,,,,,,,,,,,,,,,
2015_05108,0.334800004959106,0.752099990844727,0.0922999978065491,0.372399985790253,,,,,,,,,,,,,,,,,,,,,,,,,,,,
2015_05109,0.0868000015616417,0.52240002155304,0.462999999523163,0.694000005722046,,,,,,,,,,,,,,,,,,,,,,,,,,,,
2015_05110,0.614400029182434,0.82940000295639,0.838900029659271,0.875199973583221,,,,,,,,,,,,,,,,,,,,,,,,,,,,
2015_05111,0.888899981975555,0.985300004482269,0.99370002746582,0.979900002479553,,,,,,,,,,,,,,,,,,,,,,,,,,,,
2015_05112,0.0737000033259392,0.378699988126755,0.090999998152256,0.378100007772446,,,,,,,,,,,,,,,,,,,,,,,,,,,,
2015_05113,0.956499993801117,0.961399972438812,0.990800023078918,0.996800005435944,,,,,,,,,,,,,,,,,,,,,,,,,,,,
2015_05114,0.651300013065338,0.683600008487701,0.824400007724762,0.919000029563904,,,,,,,,,,,,,,,,,,,,,,,,,,,,
2015_05115,0.535000026226044,0.386700004339218,0.32940000295639,0.386099994182587,,,,,,,,,,,,,,,,,,,,,,,,,,,,
2015_05116,0.847100019454956,0.192100003361702,0.184900000691414,0.416799992322922,,,,,,,,,,,,,,,,,,,,,,,,,,,,
2015_05117,0.833199977874756,0.972800016403198,0.886500000953674,0.700699985027313,,,,,,,,,,,,,,,,,,,,,,,,,,,,
2015_05118,0.950299978256226,0.486000001430511,0.869400024414063,0.652700006961823,,,,,,,,,,,,,,,,,,,,,,,,,,,,
2015_05119,0.935000002384186,0.395300000905991,0.150999993085861,0.44200000166893,,,,,,,,,,,,,,,,,,,,,,,,,,,,
2015_05120,0.994199991226196,0.991599977016449,0.973200023174286,0.975499987602234,,,,,,,,,,,,,,,,,,,,,,,,,,,,
2015_05121,0.996599972248077,0.999,0.994799971580505,0.999,,,,,,,,,,,,,,,,,,,,,,,,,,,,
2015_05122,0.441599994897842,0.546899974346161,0.375999987125397,0.4932000041008,,,,,,,,,,,,,,,,,,,,,,,,,,,,
2015_05123,0.87389999628067,0.563199996948242,0.670899987220764,0.599500000476837,,,,,,,,,,,,,,,,,,,,,,,,,,,,
2015_05124,0.0722000002861023,0.0344999991357327,0.0715999975800514,0.0533000007271767,,,,,,,,,,,,,,,,,,,,,,,,,,,,
2015_05125,0.977699995040894,0.99099999666214,0.988900005817413,0.974799990653992,,,,,,,,,,,,,,,,,,,,,,,,,,,,
2015_05126,0.1841000020504,0.0251000002026558,0.0269000008702278,0.0807000026106834,,,,,,,,,,,,,,,,,,,,,,,,,,,,
2015_05127,0.420899987220764,0.799799978733063,0.463699996471405,0.703100025653839,,,,,,,,,,,,,,,,,,,,,,,,,,,,
2015_05128,0.012699999846518,0.633499979972839,0.0732999965548515,0.595399975776672,,,,,,,,,,,,,,,,,,,,,,,,,,,,
2015_05129,0.31700000166893,0.22579999268055,0.436699986457825,0.374799996614456,,,,,,,,,,,,,,,,,,,,,,,,,,,,
2015_05130,0.631600022315979,0.859200000762939,0.487199991941452,0.883800029754639,,,,,,,,,,,,,,,,,,,,,,,,,,,,
2015_05131,0.861899971961975,0.776700019836426,0.745599985122681,0.514299988746643,,,,,,,,,,,,,,,,,,,,,,,,,,,,
2015_05132,0.887499988079071,0.951900005340576,0.851100027561188,0.865299999713898,,,,,,,,,,,,,,,,,,,,,,,,,,,,
2015_05133,0.998399972915649,0.991599977016449,0.994700014591217,0.996399998664856,,,,,,,,,,,,,,,,,,,,,,,,,,,,
2015_05134,0.374500006437302,0.187800005078316,0.00860000029206276,0.464199990034103,,,,,,,,,,,,,,,,,,,,,,,,,,,,
2015_05135,0.690699994564056,0.766600012779236,0.445800006389618,0.66210001707077,,,,,,,,,,,,,,,,,,,,,,,,,,,,
2015_05136,0.48420000076294,0.748700022697449,0.500800013542175,0.287800014019013,,,,,,,,,,,,,,,,,,,,,,,,,,,,
2015_05137,0.311300009489059,0.43419998884201,0.233999997377396,0.322200000286102,,,,,,,,,,,,,,,,,,,,,,,,,,,,
2015_05138,0.302799999713898,0.426099985837936,0.57260000705719,0.603999972343445,,,,,,,,,,,,,,,,,,,,,,,,,,,,
2015_05139,0.121799997985363,0.465400010347366,0.225299999117851,0.160300001502037,,,,,,,,,,,,,,,,,,,,,,,,,,,,
2015_05140,0.192499995231628,0.224000006914139,0.407900005578995,0.66619998216629,,,,,,,,,,,,,,,,,,,,,,,,,,,,
2015_05141,0.945100009441376,0.994700014591217,0.876299977302551,0.662299990653992,,,,,,,,,,,,,,,,,,,,,,,,,,,,
2015_05142,0.234899997711182,0.651000022888184,0.55019998550415,0.715399980545044,,,,,,,,,,,,,,,,,,,,,,,,,,,,
2015_05143,0.578000009059906,0.947799980640411,0.379200011491776,0.468899995088577,,,,,,,,,,,,,,,,,,,,,,,,,,,,
2015_05144,0.667100012302399,0.855000019073486,0.863499999046326,0.861199975013733,,,,,,,,,,,,,,,,,,,,,,,,,,,,
2015_05145,0.97299998998642,0.992799997329712,0.987900018692017,0.981299996376038,,,,,,,,,,,,,,,,,,,,,,,,,,,,
2015_05146,0.580999970436096,0.829599976539612,0.83569997549057,0.355300009250641,,,,,,,,,,,,,,,,,,,,,,,,,,,,
2015_05147,0.0575000010430813,0.116599999368191,0.048200000077486,0.235100001096725,,,,,,,,,,,,,,,,,,,,,,,,,,,,
2015_05148,0.969799995422363,0.974900007247925,0.986500024795532,0.986899971961975,,,,,,,,,,,,,,,,,,,,,,,,,,,,
2015_05149,0.0432000011205673,0.0254999995231628,0.00870000012218952,0.0115999998524785,,,,,,,,,,,,,,,,,,,,,,,,,,,,
2015_05150,0.405600011348724,0.555400013923645,0.339300006628036,0.471100002527237,,,,,,,,,,,,,,,,,,,,,,,,,,,,
2015_05151,0.907700002193451,0.988600015640259,0.938000023365021,0.897300004959106,,,,,,,,,,,,,,,,,,,,,,,,,,,,
2015_05152,0.539200007915497,0.859799981117249,0.580900013446808,0.680599987506866,,,,,,,,,,,,,,,,,,,,,,,,,,,,
2015_05153,0.133200004696846,0.939999997615814,0.680599987506866,0.725899994373322,,,,,,,,,,,,,,,,,,,,,,,,,,,,
2015_05154,0.796000003814697,0.9685999751091,0.95880001783371,0.907599985599518,,,,,,,,,,,,,,,,,,,,,,,,,,,,
2015_05155,0.0926000028848648,0.370999991893768,0.0608000010251999,0.373499989509583,,,,,,,,,,,,,,,,,,,,,,,,,,,,
2015_05156,0.240299999713898,0.216399997472763,0.123499996960163,0.315200001001358,,,,,,,,,,,,,,,,,,,,,,,,,,,,
2015_05157,0.0649999976158142,0.741999983787537,0.810199975967407,0.914900004863739,,,,,,,,,,,,,,,,,,,,,,,,,,,,
2015_05158,0.756699979305267,0.938899993896484,0.967199981212616,0.967700004577637,,,,,,,,,,,,,,,,,,,,,,,,,,,,
2015_05159,0.5939000248909,0.972800016403198,0.979700028896332,0.636799991130829,,,,,,,,,,,,,,,,,,,,,,,,,,,,
2015_05160,0.192300006747246,0.306499987840653,0.210999995470047,0.42960000038147,,,,,,,,,,,,,,,,,,,,,,,,,,,,
2015_05161,0.779999971389771,0.907999992370605,0.849300026893616,0.906199991703033,,,,,,,,,,,,,,,,,,,,,,,,,,,,
2015_05162,0.956200003623962,0.955799996852875,0.913800001144409,0.990100026130676,,,,,,,,,,,,,,,,,,,,,,,,,,,,
2015_05163,0.701900005340576,0.938899993896484,0.974200010299683,0.971099972724915,,,,,,,,,,,,,,,,,,,,,,,,,,,,
2015_05164,0.60860002040863,0.93529999256134,0.958700001239777,0.86379998922348,,,,,,,,,,,,,,,,,,,,,,,,,,,,
2015_05165,0.998300015926361,0.998300015926361,0.94080001115799,0.98360002040863,,,,,,,,,,,,,,,,,,,,,,,,,,,,
2015_05166,0.322400003671646,0.274100005626679,0.327600002288818,0.195299997925758,,,,,,,,,,,,,,,,,,,,,,,,,,,,
2015_05167,0.198100000619888,0.924799978733063,0.97350001335144,0.754899978637695,,,,,,,,,,,,,,,,,,,,,,,,,,,,
2015_05168,0.826399981975555,0.277399986982346,0.108599998056889,0.562900006771088,,,,,,,,,,,,,,,,,,,,,,,,,,,,
2015_05169,0.42620000243187,0.295500010251999,0.401100009679794,0.974900007247925,,,,,,,,,,,,,,,,,,,,,,,,,,,,
2015_05170,0.99260002374649,0.991699993610382,0.996100008487701,0.994300007820129,,,,,,,,,,,,,,,,,,,,,,,,,,,,
2015_05171,0.994499981403351,0.749199986457825,0.786499977111816,0.959800004959106,,,,,,,,,,,,,,,,,,,,,,,,,,,,
2015_05172,0.858399987220764,0.907500028610229,0.925999999046326,0.932500004768372,,,,,,,,,,,,,,,,,,,,,,,,,,,,
2015_05173,0.312799990177154,0.561999976634979,0.327300012111664,0.168699994683266,,,,,,,,,,,,,,,,,,,,,,,,,,,,
2015_05174,0.890399992465973,0.608500003814697,0.716300010681152,0.838800013065338,,,,,,,,,,,,,,,,,,,,,,,,,,,,
2015_05175,0.304899990558624,0.325399994850159,0.615199983119965,0.310099989175797,,,,,,,,,,,,,,,,,,,,,,,,,,,,
2015_05176,0.0755999982357025,0.374099999666214,0.172399997711182,0.436699986457825,,,,,,,,,,,,,,,,,,,,,,,,,,,,
2015_05177,0.983399987220764,0.957400023937225,0.997699975967407,0.906799972057343,,,,,,,,,,,,,,,,,,,,,,,,,,,,
2015_05178,0.561800003051758,0.404300004243851,0.333200007677078,0.279799997806549,,,,,,,,,,,,,,,,,,,,,,,,,,,,
2015_05179,0.211300000548363,0.195700004696846,0.170499995350838,0.223399996757507,,,,,,,,,,,,,,,,,,,,,,,,,,,,
2015_05180,0.312200009822846,0.0860999971628189,0.152600005269051,0.16609999537468,,,,,,,,,,,,,,,,,,,,,,,,,,,,
2015_05181,0.95550000667572,0.7257000207901,0.986400008201599,0.99099999666214,,,,,,,,,,,,,,,,,,,,,,,,,,,,
2015_05182,0.840499997138977,0.856299996376038,0.924000024795532,0.869300007820129,,,,,,,,,,,,,,,,,,,,,,,,,,,,
2015_05183,0.011400000192225,0.25330001115799,0.171299993991852,0.23479999601841,,,,,,,,,,,,,,,,,,,,,,,,,,,,
2015_05184,0.194999992847443,0.152799993753433,0.626200020313263,0.0553000010550022,,,,,,,,,,,,,,,,,,,,,,,,,,,,
2015_05185,0.26579999923706,0.832199990749359,0.454499989748001,0.65310001373291,,,,,,,,,,,,,,,,,,,,,,,,,,,,
2015_05186,0.116499997675419,0.397100001573563,0.358900010585785,0.214699998497963,,,,,,,,,,,,,,,,,,,,,,,,,,,,
2015_05187,0.949999988079071,0.950900018215179,0.965099990367889,0.979499995708466,,,,,,,,,,,,,,,,,,,,,,,,,,,,
2015_05188,0.920400023460388,0.918099999427795,0.814599990844727,0.640699982643127,,,,,,,,,,,,,,,,,,,,,,,,,,,,
2015_05189,0.272199988365173,0.122400000691414,0.384799987077713,0.391699999570847,,,,,,,,,,,,,,,,,,,,,,,,,,,,
2015_05190,0.486999988555908,0.55019998550415,0.514400005340576,0.515200018882751,,,,,,,,,,,,,,,,,,,,,,,,,,,,
2015_05191,0.924700021743774,0.824899971485138,0.995199978351593,0.990299999713898,,,,,,,,,,,,,,,,,,,,,,,,,,,,
2015_05192,0.0103000001981854,0.017400000244379,0.0370000004768372,0.0531000010669231,,,,,,,,,,,,,,,,,,,,,,,,,,,,
2015_05193,0.314200013875961,0.631399989128113,0.209800004959106,0.0762000009417534,,,,,,,,,,,,,,,,,,,,,,,,,,,,
2015_05194,0.848900020122528,0.909799993038177,0.982200026512146,0.975399971008301,,,,,,,,,,,,,,,,,,,,,,,,,,,,
2015_05195,0.952899992465973,0.889599978923798,0.781799972057343,0.945699989795685,,,,,,,,,,,,,,,,,,,,,,,,,,,,
2015_05196,0.802999973297119,0.969099998474121,0.857299983501434,0.960300028324127,,,,,,,,,,,,,,,,,,,,,,,,,,,,
2015_05197,0.0247000008821487,0.570599973201752,0.0934000015258789,0.00400000018998981,,,,,,,,,,,,,,,,,,,,,,,,,,,,
2015_05198,0.996900022029877,0.997300028800964,0.971099972724915,0.696399986743927,,,,,,,,,,,,,,,,,,,,,,,,,,,,
2015_05199,0.856500029563904,0.938499987125397,0.940500020980835,0.200299993157387,,,,,,,,,,,,,,,,,,,,,,,,,,,,
2015_05200,0.977299988269806,0.646399974822998,0.296999990940094,0.325800001621246,,,,,,,,,,,,,,,,,,,,,,,,,,,,
2015_05201,0.769800007343292,0.174899995326996,0.938799977302551,0.321700006723404,,,,,,,,,,,,,,,,,,,,,,,,,,,,
2015_05202,0.0614000000059605,0.88620001077652,0.555599987506866,0.823400020599365,,,,,,,,,,,,,,,,,,,,,,,,,,,,
2015_05203,0.998099982738495,0.963599979877472,0.966199994087219,0.456699997186661,,,,,,,,,,,,,,,,,,,,,,,,,,,,
2015_05204,0.107600003480911,0.845899999141693,0.503199994564056,0.82669997215271,,,,,,,,,,,,,,,,,,,,,,,,,,,,
2015_05205,0.656899988651276,0.811299979686737,0.807299971580505,0.794799983501434,,,,,,,,,,,,,,,,,,,,,,,,,,,,
2015_05206,0.970700025558472,0.825699985027313,0.516200006008148,0.59799998998642,,,,,,,,,,,,,,,,,,,,,,,,,,,,
2015_05207,0.158800005912781,0.436800003051758,0.937399983406067,0.572499990463257,,,,,,,,,,,,,,,,,,,,,,,,,,,,
2015_05208,0.948400020599365,0.992699980735779,0.927799999713898,0.616699993610382,,,,,,,,,,,,,,,,,,,,,,,,,,,,
2015_05209,0.494599997997284,0.77539998292923,0.685800015926361,0.59850001335144,,,,,,,,,,,,,,,,,,,,,,,,,,,,
2015_05210,0.878400027751923,0.981100022792816,0.95880001783371,0.90939998626709,,,,,,,,,,,,,,,,,,,,,,,,,,,,
2015_05211,0.049100000411272,0.352200001478195,0.125,0.286199986934662,,,,,,,,,,,,,,,,,,,,,,,,,,,,
2015_05212,0.805400013923645,0.636500000953674,0.674000024795532,0.800599992275238,,,,,,,,,,,,,,,,,,,,,,,,,,,,
2015_05213,0.745999991893768,0.930400013923645,0.611899971961975,0.794000029563904,,,,,,,,,,,,,,,,,,,,,,,,,,,,
2015_05214,0.945299983024597,0.990899980068207,0.978900015354156,0.983799993991852,,,,,,,,,,,,,,,,,,,,,,,,,,,,
2015_05215,0.707199990749359,0.813799977302551,0.587000012397766,0.706900000572205,,,,,,,,,,,,,,,,,,,,,,,,,,,,
2015_05216,0.327600002288818,0.214000001549721,0.269300013780594,0.210500001907349,,,,,,,,,,,,,,,,,,,,,,,,,,,,
2015_05217,0.827499985694885,0.931599974632263,0.995700001716614,0.60699999332428,,,,,,,,,,,,,,,,,,,,,,,,,,,,
2015_05218,0.239600002765655,0.943899989128113,0.927100002765656,0.814499974250793,,,,,,,,,,,,,,,,,,,,,,,,,,,,
2015_05219,0.283899992704391,0.0732000023126602,0.121100001037121,0.116300001740456,,,,,,,,,,,,,,,,,,,,,,,,,,,,
2015_05220,0.0747999995946884,0.435000002384186,0.0124000003561378,0.364699989557266,,,,,,,,,,,,,,,,,,,,,,,,,,,,
2015_05221,0.789499998092651,0.951300024986267,0.764999985694885,0.928900003433228,,,,,,,,,,,,,,,,,,,,,,,,,,,,
2015_05222,0.345600008964539,0.969099998474121,0.966499984264374,0.232400000095367,,,,,,,,,,,,,,,,,,,,,,,,,,,,
2015_05223,0.987299978733063,0.998499989509583,0.998099982738495,0.995599985122681,,,,,,,,,,,,,,,,,,,,,,,,,,,,
2015_05224,0.32039999961853,0.403200000524521,0.293300002813339,0.195800006389618,,,,,,,,,,,,,,,,,,,,,,,,,,,,
2015_05225,0.0916000008583069,0.253500014543533,0.142700001597405,0.384799987077713,,,,,,,,,,,,,,,,,,,,,,,,,,,,
2015_05226,0.366400003433227,0.697200000286102,0.182099997997284,0.685000002384186,,,,,,,,,,,,,,,,,,,,,,,,,,,,
2015_05227,0.815699994564056,0.478799998760223,0.545400023460388,0.455700010061264,,,,,,,,,,,,,,,,,,,,,,,,,,,,
2015_05228,0.676199972629547,0.724799990653992,0.723900020122528,0.114900000393391,,,,,,,,,,,,,,,,,,,,,,,,,,,,
2015_05229,0.996900022029877,0.997200012207031,0.998700022697449,0.999,,,,,,,,,,,,,,,,,,,,,,,,,,,,
2015_05230,0.994599997997284,0.941799998283386,0.630900025367737,0.848699986934662,,,,,,,,,,,,,,,,,,,,,,,,,,,,
2015_05231,0.30009999871254,0.911899983882904,0.816699981689453,0.923699975013733,,,,,,,,,,,,,,,,,,,,,,,,,,,,
2015_05232,0.849399983882904,0.482899993658066,0.268400013446808,0.59799998998642,,,,,,,,,,,,,,,,,,,,,,,,,,,,
2015_05233,0.0848999992012978,0.0285999998450279,0.0215000007301569,0.0348000004887581,,,,,,,,,,,,,,,,,,,,,,,,,,,,
2015_05234,0.0758000016212463,0.899900019168854,0.375900000333786,0.981299996376038,,,,,,,,,,,,,,,,,,,,,,,,,,,,
2015_05235,0.066100001335144,0.300300002098083,0.32600000500679,0.226500004529953,,,,,,,,,,,,,,,,,,,,,,,,,,,,
2015_05236,0.113399997353554,0.288700014352799,0.368099987506867,0.75629997253418,,,,,,,,,,,,,,,,,,,,,,,,,,,,
2015_05237,0.370400011539459,0.491100013256073,0.414600014686584,0.51800000667572,,,,,,,,,,,,,,,,,,,,,,,,,,,,
2015_05238,0.259600013494492,0.955299973487854,0.43639999628067,0.0568000003695488,,,,,,,,,,,,,,,,,,,,,,,,,,,,
2015_05239,0.959699988365173,0.869000017642975,0.967700004577637,0.94760000705719,,,,,,,,,,,,,,,,,,,,,,,,,,,,
2015_05240,0.982800006866455,0.987600028514862,0.981199979782104,0.998700022697449,,,,,,,,,,,,,,,,,,,,,,,,,,,,
2015_05241,0.00559999980032444,0.0988999977707863,0.0373000018298626,0.0614000000059605,,,,,,,,,,,,,,,,,,,,,,,,,,,,
2015_05242,0.0601000003516674,0.288199990987778,0.0857999995350838,0.0320999994874,,,,,,,,,,,,,,,,,,,,,,,,,,,,
2015_05243,0.7189000248909,0.446000009775162,0.524800002574921,0.303099989891052,,,,,,,,,,,,,,,,,,,,,,,,,,,,
2015_05244,0.983799993991852,0.979099988937378,0.979399979114532,0.742299973964691,,,,,,,,,,,,,,,,,,,,,,,,,,,,
2015_05245,0.809599995613098,0.712800025939941,0.613200008869171,0.824000000953674,,,,,,,,,,,,,,,,,,,,,,,,,,,,
2015_05246,0.131999999284744,0.553200006484985,0.598999977111816,0.592899978160858,,,,,,,,,,,,,,,,,,,,,,,,,,,,
2015_05247,0.864499986171722,0.726000010967255,0.744599997997284,0.552500009536743,,,,,,,,,,,,,,,,,,,,,,,,,,,,
2015_05248,0.517700016498566,0.837700009346008,0.58380001783371,0.8439000248909,,,,,,,,,,,,,,,,,,,,,,,,,,,,
2015_05249,0.675999999046326,0.743099987506866,0.87279999256134,0.640399992465973,,,,,,,,,,,,,,,,,,,,,,,,,,,,
2015_05250,0.0688000023365021,0.33390000462532,0.0410999990999699,0.0524000003933907,,,,,,,,,,,,,,,,,,,,,,,,,,,,
2015_05251,0.999,0.987900018692017,0.999,0.997500002384186,,,,,,,,,,,,,,,,,,,,,,,,,,,,
2015_05252,0.263000011444092,0.54610002040863,0.651899993419647,0.874700009822845,,,,,,,,,,,,,,,,,,,,,,,,,,,,
2015_05253,0.17960000038147,0.752799987792969,0.423400014638901,0.349299997091293,,,,,,,,,,,,,,,,,,,,,,,,,,,,
2015_05254,0.980799973011017,0.991599977016449,0.995199978351593,0.890799999237061,,,,,,,,,,,,,,,,,,,,,,,,,,,,
2015_05255,0.236399993300438,0.341699987649918,0.408800005912781,0.270900011062622,,,,,,,,,,,,,,,,,,,,,,,,,,,,
2015_05256,0.987900018692017,0.996999979019165,0.998099982738495,0.990599989891052,,,,,,,,,,,,,,,,,,,,,,,,,,,,
2015_05257,0.94650000333786,0.990100026130676,0.989499986171722,0.949199974536896,,,,,,,,,,,,,,,,,,,,,,,,,,,,
2015_05258,0.999,0.993900001049042,0.999,0.999,,,,,,,,,,,,,,,,,,,,,,,,,,,,
2015_05259,0.0516000017523766,0.460200011730194,0.329800009727478,0.481900006532669,,,,,,,,,,,,,,,,,,,,,,,,,,,,
2015_05260,0.994400024414063,0.960399985313416,0.996500015258789,0.998799979686737,,,,,,,,,,,,,,,,,,,,,,,,,,,,
2015_05261,0.973599970340729,0.955900013446808,0.964399993419647,0.9932000041008,,,,,,,,,,,,,,,,,,,,,,,,,,,,
2015_05262,0.208000004291534,0.119699999690056,0.343400001525879,0.176300004124641,,,,,,,,,,,,,,,,,,,,,,,,,,,,
2015_05263,0.993300020694733,0.992799997329712,0.980700016021729,0.987500011920929,,,,,,,,,,,,,,,,,,,,,,,,,,,,
2015_05264,0.150600001215935,0.200100004673004,0.295800000429153,0.209099993109703,,,,,,,,,,,,,,,,,,,,,,,,,,,,
2015_05265,0.721499979496002,0.921700000762939,0.750100016593933,0.672100007534027,,,,,,,,,,,,,,,,,,,,,,,,,,,,
2015_05266,0.864099979400635,0.932299971580505,0.929899990558624,0.913100004196167,,,,,,,,,,,,,,,,,,,,,,,,,,,,
2015_05267,0.984300017356873,0.862999975681305,0.428799986839294,0.833700001239777,,,,,,,,,,,,,,,,,,,,,,,,,,,,
2015_05268,0.101800002157688,0.384200006723404,0.215299993753433,0.278200000524521,,,,,,,,,,,,,,,,,,,,,,,,,,,,
2015_05269,0.253600001335144,0.403699994087219,0.230900004506111,0.530700027942657,,,,,,,,,,,,,,,,,,,,,,,,,,,,
2015_05270,0.899999976158142,0.685999989509583,0.891200006008148,0.805000007152557,,,,,,,,,,,,,,,,,,,,,,,,,,,,
2015_05271,0.196199998259544,0.632000029087067,0.331299990415573,0.720099985599518,,,,,,,,,,,,,,,,,,,,,,,,,,,,
2015_05272,0.398499995470047,0.154100000858307,0.739000022411346,0.308400005102158,,,,,,,,,,,,,,,,,,,,,,,,,,,,
2015_05273,0.0857999995350838,0.413399994373321,0.168799996376038,0.338200002908707,,,,,,,,,,,,,,,,,,,,,,,,,,,,
2015_05274,0.997099995613098,0.996200025081635,0.999,0.998799979686737,,,,,,,,,,,,,,,,,,,,,,,,,,,,
2015_05275,0.99889999628067,0.984600007534027,0.993600010871887,0.998600006103516,,,,,,,,,,,,,,,,,,,,,,,,,,,,
2015_05276,0.959699988365173,0.982999980449677,0.999,0.999,,,,,,,,,,,,,,,,,,,,,,,,,,,,
2015_05277,0.230199992656708,0.16329999268055,0.379000008106232,0.120800003409386,,,,,,,,,,,,,,,,,,,,,,,,,,,,
2015_05278,0.898299992084503,0.865000009536743,0.947099983692169,0.957099974155426,,,,,,,,,,,,,,,,,,,,,,,,,,,,
2015_05279,0.0419000014662743,0.18520000576973,0.13570000231266,0.18299999833107,,,,,,,,,,,,,,,,,,,,,,,,,,,,
2015_05280,0.908399999141693,0.462700009346008,0.650799989700317,0.690100014209747,,,,,,,,,,,,,,,,,,,,,,,,,,,,
2015_05281,0.0878000035881996,0.132400006055832,0.205200001597405,0.222900003194809,,,,,,,,,,,,,,,,,,,,,,,,,,,,
2015_05282,0.993300020694733,0.968200027942657,0.997399985790253,0.453399986028671,,,,,,,,,,,,,,,,,,,,,,,,,,,,
2015_05283,0.945500016212463,0.925899982452393,0.885399997234344,0.991800010204315,,,,,,,,,,,,,,,,,,,,,,,,,,,,
2015_05284,0.0401999987661839,0.261400014162064,0.288500010967255,0.48199999332428,,,,,,,,,,,,,,,,,,,,,,,,,,,,
2015_05286,0.118299998342991,0.500800013542175,0.229599997401237,0.347400009632111,,,,,,,,,,,,,,,,,,,,,,,,,,,,
2015_05287,0.868399977684021,0.795000016689301,0.621599972248077,0.93419998884201,,,,,,,,,,,,,,,,,,,,,,,,,,,,
2015_05288,0.00219999998807907,0.0184000004082918,0.0262000001966953,0.00279999990016222,,,,,,,,,,,,,,,,,,,,,,,,,,,,
2015_05289,0.992399990558624,0.994099974632263,0.998300015926361,0.995100021362305,,,,,,,,,,,,,,,,,,,,,,,,,,,,
2015_05290,0.6560999751091,0.955200016498566,0.324099987745285,0.271299988031387,,,,,,,,,,,,,,,,,,,,,,,,,,,,
2015_05291,0.997200012207031,0.93639999628067,0.914600014686584,0.972500026226044,,,,,,,,,,,,,,,,,,,,,,,,,,,,
2015_05292,0.870800018310547,0.985000014305115,0.689999997615814,0.355800002813339,,,,,,,,,,,,,,,,,,,,,,,,,,,,
2015_05293,0.948400020599365,0.989600002765656,0.84170001745224,0.788699984550476,,,,,,,,,,,,,,,,,,,,,,,,,,,,
2015_05294,0.636799991130829,0.734099984169006,0.851599991321564,0.570599973201752,,,,,,,,,,,,,,,,,,,,,,,,,,,,
2015_05295,0.96069997549057,0.326400011777878,0.257200002670288,0.218700006604195,,,,,,,,,,,,,,,,,,,,,,,,,,,,
2015_05296,0.978200018405914,0.988699972629547,0.981100022792816,0.989000022411346,,,,,,,,,,,,,,,,,,,,,,,,,,,,
2015_05297,0.948000013828278,0.911700010299683,0.539600014686584,0.938099980354309,,,,,,,,,,,,,,,,,,,,,,,,,,,,
2015_05298,0.0860000029206276,0.0674000009894371,0.0737000033259392,0.17509999871254,,,,,,,,,,,,,,,,,,,,,,,,,,,,
2015_05299,0.387199997901917,0.560199975967407,0.722199976444244,0.82039999961853,,,,,,,,,,,,,,,,,,,,,,,,,,,,
2015_05300,0.113600000739098,0.070200003683567,0.224800005555153,0.0478999987244606,,,,,,,,,,,,,,,,,,,,,,,,,,,,
2015_05301,0.866299986839294,0.13230000436306,0.496499985456467,0.212200000882149,,,,,,,,,,,,,,,,,,,,,,,,,,,,
2015_05302,0.937699973583221,0.945699989795685,0.958400011062622,0.875699996948242,,,,,,,,,,,,,,,,,,,,,,,,,,,,
2015_05303,0.14020000398159,0.217099994421005,0.0958999991416931,0.462599992752075,,,,,,,,,,,,,,,,,,,,,,,,,,,,
2015_05304,0.113899998366833,0.23989999294281,0.143500000238419,0.113600000739098,,,,,,,,,,,,,,,,,,,,,,,,,,,,
2015_05305,0.850399971008301,0.884400010108948,0.878199994564056,0.698599994182587,,,,,,,,,,,,,,,,,,,,,,,,,,,,
2015_05306,0.158399999141693,0.832199990749359,0.192100003361702,0.474400013685226,,,,,,,,,,,,,,,,,,,,,,,,,,,,
2015_05307,0.307599991559982,0.823300004005432,0.330700010061264,0.941600024700165,,,,,,,,,,,,,,,,,,,,,,,,,,,,
2015_05308,0.215700000524521,0.396899998188019,0.361900001764297,0.558700025081635,,,,,,,,,,,,,,,,,,,,,,,,,,,,
2015_05309,0.879599988460541,0.0200999993830919,0.662500023841858,0.0505999997258186,,,,,,,,,,,,,,,,,,,,,,,,,,,,
2015_05310,0.99889999628067,0.983799993991852,0.974699974060059,0.922599971294403,,,,,,,,,,,,,,,,,,,,,,,,,,,,
2015_05311,0.642899990081787,0.721400022506714,0.124899998307228,0.310000002384186,,,,,,,,,,,,,,,,,,,,,,,,,,,,
2015_05312,0.028999999165535,0.0828000009059906,0.0138999996706843,0.0153000000864267,,,,,,,,,,,,,,,,,,,,,,,,,,,,
2015_05313,0.550800025463104,0.60479998588562,0.97460001707077,0.872600018978119,,,,,,,,,,,,,,,,,,,,,,,,,,,,
2015_05314,0.995400011539459,0.952000021934509,0.997300028800964,0.892799973487854,,,,,,,,,,,,,,,,,,,,,,,,,,,,
2015_05315,0.993300020694733,0.971499979496002,0.996800005435944,0.963100016117096,,,,,,,,,,,,,,,,,,,,,,,,,,,,
2015_05316,0.940299987792969,0.81470000743866,0.65149998664856,0.734600007534027,,,,,,,,,,,,,,,,,,,,,,,,,,,,
2015_05317,0.061099998652935,0.26120001077652,0.0471000000834465,0.130700007081032,,,,,,,,,,,,,,,,,,,,,,,,,,,,
2015_05318,0.963100016117096,0.991100013256073,0.965099990367889,0.88400000333786,,,,,,,,,,,,,,,,,,,,,,,,,,,,
2015_05319,0.804400026798248,0.829500019550323,0.858299970626831,0.345299988985062,,,,,,,,,,,,,,,,,,,,,,,,,,,,
2015_05320,0.741900026798248,0.994400024414063,0.975399971008301,0.7185999751091,,,,,,,,,,,,,,,,,,,,,,,,,,,,
2015_05321,0.638199985027313,0.954699993133545,0.976100027561188,0.841099977493286,,,,,,,,,,,,,,,,,,,,,,,,,,,,
2015_05322,0.992299973964691,0.985599994659424,0.997500002384186,0.996800005435944,,,,,,,,,,,,,,,,,,,,,,,,,,,,
2015_05323,0.98470002412796,0.962599992752075,0.990199983119965,0.878600001335144,,,,,,,,,,,,,,,,,,,,,,,,,,,,
2015_05338,0.135399997234345,0.23929999768734,0.0935999974608421,0.0344999991357327,,,,,,,,,,,,,,,,,,,,,,,,,,,,
2015_05339,0.0615000016987324,0.779399991035461,0.873600006103516,0.758099973201752,,,,,,,,,,,,,,,,,,,,,,,,,,,,
2015_05340,0.105700001120567,0.213300004601479,0.243900001049042,0.227300003170967,,,,,,,,,,,,,,,,,,,,,,,,,,,,
2015_05341,0.0542000010609627,0.481599986553192,0.280200004577637,0.488400012254715,,,,,,,,,,,,,,,,,,,,,,,,,,,,
2015_05342,0.014299999922514,0.301400005817413,0.282999992370606,0.317200005054474,,,,,,,,,,,,,,,,,,,,,,,,,,,,
2015_05343,0.0373999997973442,0.536899983882904,0.178800001740456,0.756099998950958,,,,,,,,,,,,,,,,,,,,,,,,,,,,
2015_05344,0.990000009536743,0.981700003147125,0.943499982357025,0.718999981880188,,,,,,,,,,,,,,,,,,,,,,,,,,,,
2015_05345,0.250099986791611,0.0693999975919724,0.0256999991834164,0.287800014019013,,,,,,,,,,,,,,,,,,,,,,,,,,,,
2015_05346,0.972500026226044,0.967999994754791,0.989099979400635,0.991900026798248,,,,,,,,,,,,,,,,,,,,,,,,,,,,
2015_05347,0.581499993801117,0.958899974822998,0.910700023174286,0.981500029563904,,,,,,,,,,,,,,,,,,,,,,,,,,,,
2015_05348,0.284599989652634,0.0838999971747398,0.134700000286102,0.673500001430511,,,,,,,,,,,,,,,,,,,,,,,,,,,,
2015_05349,0.380800008773804,0.741199970245361,0.748300015926361,0.8435999751091,,,,,,,,,,,,,,,,,,,,,,,,,,,,
2015_05350,0.0399999991059303,0.463899999856949,0.307799994945526,0.228400006890297,,,,,,,,,,,,,,,,,,,,,,,,,,,,
2015_05351,0.216999992728233,0.343800008296967,0.463899999856949,0.19930000603199,,,,,,,,,,,,,,,,,,,,,,,,,,,,
2015_05352,0.993399977684021,0.935999989509583,0.88289999961853,0.992399990558624,,,,,,,,,,,,,,,,,,,,,,,,,,,,
2015_05353,0.691600024700165,0.355599999427795,0.669799983501434,0.47189998626709,,,,,,,,,,,,,,,,,,,,,,,,,,,,
2015_05354,0.941900014877319,0.136500000953674,0.326599985361099,0.475300014019013,,,,,,,,,,,,,,,,,,,,,,,,,,,,
2015_05355,0.982599973678589,0.995999991893768,0.995899975299835,0.992699980735779,,,,,,,,,,,,,,,,,,,,,,,,,,,,
2015_05356,0.0249000005424023,0.326799988746643,0.625199973583221,0.287000000476837,,,,,,,,,,,,,,,,,,,,,,,,,,,,
2015_05357,0.770600020885468,0.692099988460541,0.708000004291534,0.630900025367737,,,,,,,,,,,,,,,,,,,,,,,,,,,,
2015_05358,0.0052000000141561,0.0560000017285347,0.0513999983668327,0.246500000357628,,,,,,,,,,,,,,,,,,,,,,,,,,,,
2015_05359,0.0425999984145164,0.608699977397919,0.162799999117851,0.255199998617172,,,,,,,,,,,,,,,,,,,,,,,,,,,,
2015_05360,0.120700001716614,0.275700002908707,0.0546000003814697,0.12559999525547,,,,,,,,,,,,,,,,,,,,,,,,,,,,
2015_05361,0.787299990653992,0.70169997215271,0.598900020122528,0.664200007915497,,,,,,,,,,,,,,,,,,,,,,,,,,,,
2015_05362,0.0175000000745058,0.691200017929077,0.597400009632111,0.568300008773804,,,,,,,,,,,,,,,,,,,,,,,,,,,,
2015_05363,0.199499994516373,0.890399992465973,0.967999994754791,0.885699987411499,,,,,,,,,,,,,,,,,,,,,,,,,,,,
2015_05364,0.0753000006079674,0.834100008010864,0.928799986839294,0.7432000041008,,,,,,,,,,,,,,,,,,,,,,,,,,,,
2015_05365,0.85290002822876,0.738499999046326,0.716300010681152,0.813799977302551,,,,,,,,,,,,,,,,,,,,,,,,,,,,
2015_05366,0.235799998044968,0.42289999127388,0.466500014066696,0.385600000619888,,,,,,,,,,,,,,,,,,,,,,,,,,,,
2015_05367,0.904399991035461,0.957899987697601,0.982500016689301,0.845600008964539,,,,,,,,,,,,,,,,,,,,,,,,,,,,
2015_05368,0.902999997138977,0.39520001411438,0.27360001206398,0.267100006341934,,,,,,,,,,,,,,,,,,,,,,,,,,,,
2015_05369,0.88289999961853,0.870800018310547,0.625800013542175,0.954800009727478,,,,,,,,,,,,,,,,,,,,,,,,,,,,
2015_05370,0.261799991130829,0.0754000023007393,0.0208999998867512,0.0324000008404255,,,,,,,,,,,,,,,,,,,,,,,,,,,,
2015_05371,0.0209999997168779,0.0445000007748604,0.0401999987661839,0.0562999993562698,,,,,,,,,,,,,,,,,,,,,,,,,,,,
2015_05372,0.378899991512299,0.953400015830994,0.271499991416931,0.254599988460541,,,,,,,,,,,,,,,,,,,,,,,,,,,,
2015_05373,0.740100026130676,0.822099983692169,0.964200019836426,0.892700016498566,,,,,,,,,,,,,,,,,,,,,,,,,,,,
2015_05374,0.789699971675873,0.922599971294403,0.982699990272522,0.994799971580505,,,,,,,,,,,,,,,,,,,,,,,,,,,,
2015_05375,0.954800009727478,0.987600028514862,0.924499988555908,0.937900006771088,,,,,,,,,,,,,,,,,,,,,,,,,,,,
2015_05376,0.999,0.984300017356873,0.995700001716614,0.939000010490417,,,,,,,,,,,,,,,,,,,,,,,,,,,,
2015_05377,0.612900018692017,0.569100022315979,0.408800005912781,0.666700005531311,,,,,,,,,,,,,,,,,,,,,,,,,,,,
2015_05379,0.885900020599365,0.999,0.962199985980988,0.995500028133392,,,,,,,,,,,,,,,,,,,,,,,,,,,,
2015_05380,0.189500004053116,0.339899986982346,0.582499980926514,0.865800023078918,,,,,,,,,,,,,,,,,,,,,,,,,,,,
2015_05381,0.89029997587204,0.188400000333786,0.995899975299835,0.146999999880791,,,,,,,,,,,,,,,,,,,,,,,,,,,,
2015_05382,0.423700004816055,0.454299986362457,0.257699996232987,0.239800006151199,,,,,,,,,,,,,,,,,,,,,,,,,,,,
2015_05383,0.153300002217293,0.122299998998642,0.0342999994754791,0.0754999965429306,,,,,,,,,,,,,,,,,,,,,,,,,,,,
2015_05384,0.95279997587204,0.947499990463257,0.986100018024445,0.957000017166138,,,,,,,,,,,,,,,,,,,,,,,,,,,,
2015_05385,0.99210000038147,0.991199970245361,0.994799971580505,0.994000017642975,,,,,,,,,,,,,,,,,,,,,,,,,,,,
2015_05386,0.166199997067452,0.711499989032745,0.45440000295639,0.517499983310699,,,,,,,,,,,,,,,,,,,,,,,,,,,,
2015_05387,0.208299994468689,0.578299999237061,0.551800012588501,0.697399973869324,,,,,,,,,,,,,,,,,,,,,,,,,,,,
2015_05388,0.995100021362305,0.963199973106384,0.944400012493134,0.734200000762939,,,,,,,,,,,,,,,,,,,,,,,,,,,,
2015_05389,0.233799993991852,0.383700013160706,0.488999992609024,0.547599971294403,,,,,,,,,,,,,,,,,,,,,,,,,,,,
2015_05390,0.048700001090765,0.583400011062622,0.8057000041008,0.171800002455711,,,,,,,,,,,,,,,,,,,,,,,,,,,,
2015_05391,0.979600012302399,0.994400024414063,0.993499994277954,0.994700014591217,,,,,,,,,,,,,,,,,,,,,,,,,,,,
2015_05392,0.347200006246567,0.18129999935627,0.336499989032745,0.199200004339218,,,,,,,,,,,,,,,,,,,,,,,,,,,,
2015_05393,0.388900011777878,0.194600000977516,0.171499997377396,0.471399992704391,,,,,,,,,,,,,,,,,,,,,,,,,,,,
2015_05394,0.721800029277802,0.165999993681908,0.547800004482269,0.400799989700317,,,,,,,,,,,,,,,,,,,,,,,,,,,,
2015_05395,0.989099979400635,0.963500022888184,0.983500003814697,0.976400017738342,,,,,,,,,,,,,,,,,,,,,,,,,,,,
2015_05396,0.954999983310699,0.0863000005483627,0.1283999979496,0.173299998044968,,,,,,,,,,,,,,,,,,,,,,,,,,,,
2015_05397,0.240700006484985,0.215100005269051,0.208399996161461,0.178800001740456,,,,,,,,,,,,,,,,,,,,,,,,,,,,
2015_05398,0.608399987220764,0.996399998664856,0.996100008487701,0.987900018692017,,,,,,,,,,,,,,,,,,,,,,,,,,,,
2015_05399,0.958599984645844,0.807299971580505,0.986400008201599,0.995400011539459,,,,,,,,,,,,,,,,,,,,,,,,,,,,
2015_05400,0.481200009584427,0.72869998216629,0.513999998569489,0.904500007629395,,,,,,,,,,,,,,,,,,,,,,,,,,,,
2015_05401,0.0359999984502792,0.472900003194809,0.106200002133846,0.616199970245361,,,,,,,,,,,,,,,,,,,,,,,,,,,,
2015_05402,0.045099999755621,0.152799993753433,0.0848999992012978,0.356400012969971,,,,,,,,,,,,,,,,,,,,,,,,,,,,
2015_05403,0.96560001373291,0.999,0.999,0.998700022697449,,,,,,,,,,,,,,,,,,,,,,,,,,,,
2015_05404,0.0187999997287989,0.200599998235702,0.0395000018179417,0.178800001740456,,,,,,,,,,,,,,,,,,,,,,,,,,,,
2015_05405,0.117499999701977,0.289499998092651,0.184300005435944,0.307200014591217,,,,,,,,,,,,,,,,,,,,,,,,,,,,
2015_05406,0.987900018692017,0.986999988555908,0.992900013923645,0.99260002374649,,,,,,,,,,,,,,,,,,,,,,,,,,,,
2015_05407,0.711199998855591,0.618300020694733,0.125799998641014,0.201199993491173,,,,,,,,,,,,,,,,,,,,,,,,,,,,
2015_05408,0.590499997138977,0.585300028324127,0.730000019073486,0.841199994087219,,,,,,,,,,,,,,,,,,,,,,,,,,,,
2015_05409,0.948599994182587,0.976300001144409,0.909600019454956,0.973399996757507,,,,,,,,,,,,,,,,,,,,,,,,,,,,
2015_05410,0.487899988889694,0.961899995803833,0.922100007534027,0.890200018882751,,,,,,,,,,,,,,,,,,,,,,,,,,,,
2015_05411,0.227799996733665,0.850399971008301,0.399100005626679,0.929799973964691,,,,,,,,,,,,,,,,,,,,,,,,,,,,
2015_05412,0.947499990463257,0.937600016593933,0.902100026607513,0.955099999904633,,,,,,,,,,,,,,,,,,,,,,,,,,,,
2015_05413,0.879199981689453,0.780799984931946,0.797900021076202,0.740700006484985,,,,,,,,,,,,,,,,,,,,,,,,,,,,
2015_05414,0.132200002670288,0.444000005722046,0.222000002861023,0.199599996209145,,,,,,,,,,,,,,,,,,,,,,,,,,,,
2015_05415,0.983399987220764,0.999,0.947700023651123,0.999,,,,,,,,,,,,,,,,,,,,,,,,,,,,
2015_05416,0.955600023269653,0.999,0.999,0.998199999332428,,,,,,,,,,,,,,,,,,,,,,,,,,,,
2015_05417,0.162400007247925,0.516799986362457,0.67629998922348,0.430299997329712,,,,,,,,,,,,,,,,,,,,,,,,,,,,
2015_05418,0.656499981880188,0.827899992465973,0.898599982261658,0.738399982452393,,,,,,,,,,,,,,,,,,,,,,,,,,,,
2015_05419,0.628700017929077,0.368400007486343,0.786099970340729,0.682099997997284,,,,,,,,,,,,,,,,,,,,,,,,,,,,
2015_05420,0.979499995708466,0.981899976730347,0.963800013065338,0.983299970626831,,,,,,,,,,,,,,,,,,,,,,,,,,,,
2015_05421,0.838900029659271,0.509500026702881,0.828700006008148,0.55919998884201,,,,,,,,,,,,,,,,,,,,,,,,,,,,
2015_05422,0.80919998884201,0.931400001049042,0.902899980545044,0.945599973201752,,,,,,,,,,,,,,,,,,,,,,,,,,,,
2015_05423,0.996100008487701,0.99889999628067,0.997300028800964,0.999,,,,,,,,,,,,,,,,,,,,,,,,,,,,
2015_05424,0.644200026988983,0.857999980449677,0.367000013589859,0.793200016021729,,,,,,,,,,,,,,,,,,,,,,,,,,,,
2015_05425,0.581700026988983,0.104999996721744,0.13289999961853,0.0926000028848648,,,,,,,,,,,,,,,,,,,,,,,,,,,,
2015_05426,0.00300000002607703,0.837400019168854,0.144500002264977,0.736100018024445,,,,,,,,,,,,,,,,,,,,,,,,,,,,
2015_05427,0.214000001549721,0.98989999294281,0.973100006580353,0.998099982738495,,,,,,,,,,,,,,,,,,,,,,,,,,,,
2015_05428,0.371899992227554,0.885299980640411,0.988099992275238,0.1891999989748,,,,,,,,,,,,,,,,,,,,,,,,,,,,
2015_05429,0.99210000038147,0.423799991607666,0.722599983215332,0.786099970340729,,,,,,,,,,,,,,,,,,,,,,,,,,,,
2015_05430,0.996500015258789,0.959500014781952,0.917400002479553,0.87389999628067,,,,,,,,,,,,,,,,,,,,,,,,,,,,
2015_05431,0.944700002670288,0.730300009250641,0.406599998474121,0.795799970626831,,,,,,,,,,,,,,,,,,,,,,,,,,,,
2015_05432,0.069300003349781,0.271100014448166,0.0544999986886978,0.311500012874603,,,,,,,,,,,,,,,,,,,,,,,,,,,,
2015_05433,0.898400008678436,0.982999980449677,0.967499971389771,0.892899990081787,,,,,,,,,,,,,,,,,,,,,,,,,,,,
2015_05434,0.94489997625351,0.969900012016296,0.758000016212463,0.84689998626709,,,,,,,,,,,,,,,,,,,,,,,,,,,,
2015_05435,0.113200001418591,0.196099996566772,0.346700012683868,0.150299996137619,,,,,,,,,,,,,,,,,,,,,,,,,,,,
2015_05436,0.570900022983551,0.434300005435944,0.231900006532669,0.1199000030756,,,,,,,,,,,,,,,,,,,,,,,,,,,,
2015_05437,0.996900022029877,0.885200023651123,0.987999975681305,0.979499995708466,,,,,,,,,,,,,,,,,,,,,,,,,,,,
2015_05438,0.633899986743927,0.51529997587204,0.343300014734268,0.342700004577637,,,,,,,,,,,,,,,,,,,,,,,,,,,,
2015_05439,0.796500027179718,0.933000028133392,0.973999977111816,0.90719997882843,,,,,,,,,,,,,,,,,,,,,,,,,,,,
2015_05440,0.294400006532669,0.763599991798401,0.953199982643127,0.773299992084503,,,,,,,,,,,,,,,,,,,,,,,,,,,,
2015_05441,0.0324999988079071,0.148699998855591,0.0344999991357327,0.029899999499321,,,,,,,,,,,,,,,,,,,,,,,,,,,,
2015_05442,0.0753000006079674,0.394499987363815,0.784799993038177,0.318699985742569,,,,,,,,,,,,,,,,,,,,,,,,,,,,
2015_05443,0.87830001115799,0.515699982643127,0.239500001072884,0.927600026130676,,,,,,,,,,,,,,,,,,,,,,,,,,,,
2015_05444,0.482600003480911,0.995899975299835,0.996900022029877,0.963500022888184,,,,,,,,,,,,,,,,,,,,,,,,,,,,
2015_05445,0.062100000679493,0.0082999998703599,0.0138999996706843,0.0107000004500151,,,,,,,,,,,,,,,,,,,,,,,,,,,,
2015_05446,0.999,0.919300019741058,0.99210000038147,0.998600006103516,,,,,,,,,,,,,,,,,,,,,,,,,,,,
2015_05447,0.89709997177124,0.711300015449524,0.718699991703033,0.903999984264374,,,,,,,,,,,,,,,,,,,,,,,,,,,,
2015_05448,0.999,0.99889999628067,0.997099995613098,0.973699986934662,,,,,,,,,,,,,,,,,,,,,,,,,,,,
2015_05449,0.150399997830391,0.256099998950958,0.23759999871254,0.301099985837936,,,,,,,,,,,,,,,,,,,,,,,,,,,,
2015_05450,0.613699972629547,0.942900002002716,0.672999978065491,0.966099977493286,,,,,,,,,,,,,,,,,,,,,,,,,,,,
2015_05451,0.983500003814697,0.941699981689453,0.992999970912933,0.982900023460388,,,,,,,,,,,,,,,,,,,,,,,,,,,,
2015_05452,0.842100024223328,0.985400021076202,0.989000022411346,0.936299979686737,,,,,,,,,,,,,,,,,,,,,,,,,,,,
2015_05453,0.0502999983727932,0.0953999981284142,0.0557999983429909,0.318800002336502,,,,,,,,,,,,,,,,,,,,,,,,,,,,
2015_05454,0.322400003671646,0.901199996471405,0.989099979400635,0.868099987506866,,,,,,,,,,,,,,,,,,,,,,,,,,,,
2015_05455,0.951799988746643,0.417800009250641,0.821600019931793,0.491299986839294,,,,,,,,,,,,,,,,,,,,,,,,,,,,
2015_05456,0.393799990415573,0.997500002384186,0.987999975681305,0.810999989509583,,,,,,,,,,,,,,,,,,,,,,,,,,,,
2015_05457,0.0241999998688698,0.093299999833107,0.0617999993264675,0.1216000020504,,,,,,,,,,,,,,,,,,,,,,,,,,,,
2015_05458,0.893199980258942,0.443699985742569,0.942200005054474,0.966400027275085,,,,,,,,,,,,,,,,,,,,,,,,,,,,
2015_05459,0.931999981403351,0.953700006008148,0.983500003814697,0.443300008773804,,,,,,,,,,,,,,,,,,,,,,,,,,,,
2015_05460,0.00579999992623925,0.0865999981760979,0.201900005340576,0.067100003361702,,,,,,,,,,,,,,,,,,,,,,,,,,,,
2015_05461,0.0785000026226044,0.335299998521805,0.158899992704392,0.49329999089241,,,,,,,,,,,,,,,,,,,,,,,,,,,,
2015_05462,0.400400012731552,0.512399971485138,0.204099997878075,0.200699999928474,,,,,,,,,,,,,,,,,,,,,,,,,,,,
2015_05463,0.352899998426437,0.0175999999046326,0.0315999984741211,0.0487999990582466,,,,,,,,,,,,,,,,,,,,,,,,,,,,
2015_05464,0.995199978351593,0.997399985790253,0.995100021362305,0.998499989509583,,,,,,,,,,,,,,,,,,,,,,,,,,,,
2015_05466,0.86760002374649,0.877300024032593,0.816200017929077,0.816299974918365,,,,,,,,,,,,,,,,,,,,,,,,,,,,
2015_05467,0.976499974727631,0.837599992752075,0.96560001373291,0.931699991226196,,,,,,,,,,,,,,,,,,,,,,,,,,,,
2015_05468,0.93860000371933,0.995400011539459,0.963900029659271,0.879199981689453,,,,,,,,,,,,,,,,,,,,,,,,,,,,
2015_05469,0.987500011920929,0.785199999809265,0.949100017547607,0.909900009632111,,,,,,,,,,,,,,,,,,,,,,,,,,,,
2015_05470,0.989000022411346,0.483599990606308,0.832300007343292,0.656199991703033,,,,,,,,,,,,,,,,,,,,,,,,,,,,
2015_05471,0.256999999284744,0.13680000603199,0.0412999987602234,0.111599996685982,,,,,,,,,,,,,,,,,,,,,,,,,,,,
2015_05472,0.0754000023007393,0.493000000715256,0.717100024223328,0.207800000905991,,,,,,,,,,,,,,,,,,,,,,,,,,,,
2015_05473,0.753799974918365,0.157800003886223,0.246999993920326,0.184000000357628,,,,,,,,,,,,,,,,,,,,,,,,,,,,
2015_05474,0.96340000629425,0.609300017356873,0.649800002574921,0.312000006437302,,,,,,,,,,,,,,,,,,,,,,,,,,,,
2015_05475,0.473899990320206,0.729600012302399,0.208499997854233,0.0603000000119209,,,,,,,,,,,,,,,,,,,,,,,,,,,,
2015_05476,0.0166999995708466,0.206799998879433,0.0281000006943941,0.17339999973774,,,,,,,,,,,,,,,,,,,,,,,,,,,,
2015_05477,0.538500010967255,0.965200006961823,0.770299971103668,0.947899997234344,,,,,,,,,,,,,,,,,,,,,,,,,,,,
2015_05478,0.799300014972687,0.207499995827675,0.135800004005432,0.305999994277954,,,,,,,,,,,,,,,,,,,,,,,,,,,,
2015_05480,0.21170000731945,0.0255999993532896,0.0930999964475632,0.0671999976038933,,,,,,,,,,,,,,,,,,,,,,,,,,,,
2015_05481,0.911700010299683,0.930000007152557,0.917699992656708,0.936200022697449,,,,,,,,,,,,,,,,,,,,,,,,,,,,
2015_05482,0.970300018787384,0.930299997329712,0.948199987411499,0.973800003528595,,,,,,,,,,,,,,,,,,,,,,,,,,,,
2015_05483,0.59280002117157,0.815699994564056,0.792500019073486,0.913800001144409,,,,,,,,,,,,,,,,,,,,,,,,,,,,
2015_05484,0.0059000002220273,0.0653999969363213,0.20270000398159,0.0621999986469746,,,,,,,,,,,,,,,,,,,,,,,,,,,,
2015_05485,0.338600009679794,0.295800000429153,0.0351999998092651,0.442400008440018,,,,,,,,,,,,,,,,,,,,,,,,,,,,
2015_05486,0.208000004291534,0.289099991321564,0.109300002455711,0.256500005722046,,,,,,,,,,,,,,,,,,,,,,,,,,,,
2015_05487,0.916000008583069,0.998199999332428,0.972599983215332,0.98580002784729,,,,,,,,,,,,,,,,,,,,,,,,,,,,
2015_05488,0.102099999785423,0.132799997925758,0.09009999781847,0.153600007295608,,,,,,,,,,,,,,,,,,,,,,,,,,,,
2015_05489,0.979200005531311,0.822899997234344,0.544200003147125,0.304500013589859,,,,,,,,,,,,,,,,,,,,,,,,,,,,
2015_05490,0.111000001430512,0.5867999792099,0.0201999992132187,0.0811000019311905,,,,,,,,,,,,,,,,,,,,,,,,,,,,
2015_05507,0.988200008869171,0.998099982738495,0.990000009536743,0.949400007724762,,,,,,,,,,,,,,,,,,,,,,,,,,,,
2015_05510,0.995000004768372,0.34060001373291,0.975000023841858,0.528900027275085,,,,,,,,,,,,,,,,,,,,,,,,,,,,
2015_05511,0.984600007534027,0.960099995136261,0.834699988365173,0.886099994182587,,,,,,,,,,,,,,,,,,,,,,,,,,,,
2015_05524,0.97189998626709,0.84060001373291,0.575800001621246,0.645600020885468,,,,,,,,,,,,,,,,,,,,,,,,,,,,
2015_05532,0.968200027942657,0.964699983596802,0.884700000286102,0.949599981307983,,,,,,,,,,,,,,,,,,,,,,,,,,,,
2015_05537,0.98309999704361,0.986100018024445,0.987800002098083,0.991999983787537,,,,,,,,,,,,,,,,,,,,,,,,,,,,
2015_05552,0.978999972343445,0.872099995613098,0.771799981594086,0.806400001049042,,,,,,,,,,,,,,,,,,,,,,,,,,,,
2015_05561,0.995400011539459,0.161100000143051,0.944199979305267,0.233400002121925,,,,,,,,,,,,,,,,,,,,,,,,,,,,
2015_05562,0.996399998664856,0.788100004196167,0.976999998092651,0.596199989318848,,,,,,,,,,,,,,,,,,,,,,,,,,,,
2015_05566,0.994000017642975,0.999,0.995199978351593,0.996299982070923,,,,,,,,,,,,,,,,,,,,,,,,,,,,
2015_05567,0.997200012207031,0.970499992370605,0.995599985122681,0.964100003242493,,,,,,,,,,,,,,,,,,,,,,,,,,,,
2015_05573,0.896799981594086,0.953800022602081,0.83380001783371,0.774999976158142,,,,,,,,,,,,,,,,,,,,,,,,,,,,
2015_05574,0.976599991321564,0.991199970245361,0.951600015163422,0.550000011920929,,,,,,,,,,,,,,,,,,,,,,,,,,,,
2015_05575,0.871999979019165,0.996100008487701,0.99669998884201,0.994700014591217,,,,,,,,,,,,,,,,,,,,,,,,,,,,
2015_05576,0.967999994754791,0.981899976730347,0.991599977016449,0.957400023937225,,,,,,,,,,,,,,,,,,,,,,,,,,,,
2015_05577,0.0263000000268221,0.113600000739098,0.0137999998405576,0.26579999923706,,,,,,,,,,,,,,,,,,,,,,,,,,,,
2015_05578,0.992299973964691,0.852999985218048,0.999,0.950600028038025,,,,,,,,,,,,,,,,,,,,,,,,,,,,
2015_05579,0.926900029182434,0.966199994087219,0.987299978733063,0.975000023841858,,,,,,,,,,,,,,,,,,,,,,,,,,,,
2015_05580,0.129399999976158,0.199399992823601,0.0410000011324883,0.139599993824959,,,,,,,,,,,,,,,,,,,,,,,,,,,,
2015_05581,0.968400001525879,0.995999991893768,0.975099980831146,0.991299986839294,,,,,,,,,,,,,,,,,,,,,,,,,,,,
2015_05583,0.998199999332428,0.996999979019165,0.9932000041008,0.988399982452393,,,,,,,,,,,,,,,,,,,,,,,,,,,,
2015_05584,0.111000001430512,0.522899985313416,0.418199986219406,0.202099993824959,,,,,,,,,,,,,,,,,,,,,,,,,,,,
2015_05585,0.0755999982357025,0.314300000667572,0.0527999997138977,0.434799998998642,,,,,,,,,,,,,,,,,,,,,,,,,,,,
2015_05586,0.689800024032593,0.710600018501282,0.777100026607513,0.341300010681152,,,,,,,,,,,,,,,,,,,,,,,,,,,,
2015_05587,0.318899989128113,0.138699993491173,0.0441000014543533,0.184900000691414,,,,,,,,,,,,,,,,,,,,,,,,,,,,
2015_05588,0.783699989318848,0.551199972629547,0.382600009441376,0.372200012207031,,,,,,,,,,,,,,,,,,,,,,,,,,,,
2015_05589,0.869499981403351,0.990899980068207,0.967100024223328,0.416599988937378,,,,,,,,,,,,,,,,,,,,,,,,,,,,
2015_05590,0.440699994564056,0.898699998855591,0.640100002288818,0.991800010204315,,,,,,,,,,,,,,,,,,,,,,,,,,,,
2015_05591,0.601599991321564,0.451599985361099,0.337399989366531,0.160799995064735,,,,,,,,,,,,,,,,,,,,,,,,,,,,
2015_05592,0.207300007343292,0.909799993038177,0.555000007152557,0.352200001478195,,,,,,,,,,,,,,,,,,,,,,,,,,,,
2015_05593,0.984200000762939,0.901799976825714,0.934000015258789,0.82669997215271,,,,,,,,,,,,,,,,,,,,,,,,,,,,
2015_05594,0.351799994707107,0.490299999713898,0.30689999461174,0.445600003004074,,,,,,,,,,,,,,,,,,,,,,,,,,,,
2015_05595,0.0944999977946281,0.0410000011324883,0.033500000834465,0.0724000036716461,,,,,,,,,,,,,,,,,,,,,,,,,,,,
2015_05596,0.441199988126755,0.763199985027313,0.930499970912933,0.970300018787384,,,,,,,,,,,,,,,,,,,,,,,,,,,,
2015_05597,0.333700001239777,0.24770000576973,0.218899995088577,0.316799998283386,,,,,,,,,,,,,,,,,,,,,,,,,,,,
2015_05598,0.979099988937378,0.950800001621246,0.879599988460541,0.989300012588501,,,,,,,,,,,,,,,,,,,,,,,,,,,,
2015_05599,0.0531999990344047,0.0825000032782555,0.305099993944168,0.091899998486042,,,,,,,,,,,,,,,,,,,,,,,,,,,,
2015_05600,0.0126000000163913,0.193900004029274,0.0167999994009733,0.137600004673004,,,,,,,,,,,,,,,,,,,,,,,,,,,,
2015_05601,0.142700001597405,0.196999996900558,0.579100012779236,0.17229999601841,,,,,,,,,,,,,,,,,,,,,,,,,,,,
2015_05602,0.992299973964691,0.930299997329712,0.902100026607513,0.851999998092651,,,,,,,,,,,,,,,,,,,,,,,,,,,,
2015_05603,0.999,0.998399972915649,0.997200012207031,0.3682000041008,,,,,,,,,,,,,,,,,,,,,,,,,,,,
2015_05604,0.999,0.999,0.989400029182434,0.961300015449524,,,,,,,,,,,,,,,,,,,,,,,,,,,,
2015_05605,0.18979999423027,0.163200005888939,0.24600000679493,0.096900001168251,,,,,,,,,,,,,,,,,,,,,,,,,,,,
2015_05606,0.558399975299835,0.692600011825562,0.714399993419647,0.578400015830994,,,,,,,,,,,,,,,,,,,,,,,,,,,,
2015_05607,0.815999984741211,0.932699978351593,0.909099996089935,0.931500017642975,,,,,,,,,,,,,,,,,,,,,,,,,,,,
2015_05608,0.781499981880188,0.541499972343445,0.882200002670288,0.730700016021729,,,,,,,,,,,,,,,,,,,,,,,,,,,,
2015_05609,0.00760000012814999,0.447100013494492,0.0156999994069338,0.208399996161461,,,,,,,,,,,,,,,,,,,,,,,,,,,,
2015_05610,0.0509000010788441,0.976499974727631,0.914799988269806,0.903599977493286,,,,,,,,,,,,,,,,,,,,,,,,,,,,
2015_05611,0.997900009155273,0.965300023555756,0.967700004577637,0.917500019073486,,,,,,,,,,,,,,,,,,,,,,,,,,,,
2015_05612,0.467099994421005,0.919600009918213,0.758800029754639,0.733799993991852,,,,,,,,,,,,,,,,,,,,,,,,,,,,
2015_05613,0.184200003743172,0.330799996852875,0.716199994087219,0.437900006771088,,,,,,,,,,,,,,,,,,,,,,,,,,,,
2015_05614,0.940100014209747,0.145300000905991,0.119199998676777,0.0822999998927116,,,,,,,,,,,,,,,,,,,,,,,,,,,,
2015_05615,0.743399977684021,0.0856000036001205,0.068000003695488,0.361600011587143,,,,,,,,,,,,,,,,,,,,,,,,,,,,
2015_05616,0.104000002145767,0.677799999713898,0.491200000047684,0.427700012922287,,,,,,,,,,,,,,,,,,,,,,,,,,,,
2015_05617,0.901400029659271,0.989700019359589,0.978399991989136,0.973800003528595,,,,,,,,,,,,,,,,,,,,,,,,,,,,
2015_05619,0.0833000019192696,0.231000006198883,0.120800003409386,0.152700006961823,,,,,,,,,,,,,,,,,,,,,,,,,,,,
2015_05620,0.96969997882843,0.947200000286102,0.955600023269653,0.921700000762939,,,,,,,,,,,,,,,,,,,,,,,,,,,,
2015_05621,0.182799994945526,0.397599995136261,0.156599998474121,0.660199999809265,,,,,,,,,,,,,,,,,,,,,,,,,,,,
2015_05622,0.783599972724915,0.822899997234344,0.853900015354156,0.594299972057343,,,,,,,,,,,,,,,,,,,,,,,,,,,,
2015_05623,0.114600002765656,0.153799995779991,0.13629999756813,0.0278999991714954,,,,,,,,,,,,,,,,,,,,,,,,,,,,
2015_05625,0.98989999294281,0.860300004482269,0.898999989032745,0.857900023460388,,,,,,,,,,,,,,,,,,,,,,,,,,,,
2015_05626,0.848100006580353,0.982400000095367,0.9932000041008,0.982900023460388,,,,,,,,,,,,,,,,,,,,,,,,,,,,
2015_05627,0.964600026607513,0.61269998550415,0.991699993610382,0.996299982070923,,,,,,,,,,,,,,,,,,,,,,,,,,,,
2015_05628,0.197899997234345,0.825200021266937,0.226400002837181,0.6317999958992,,,,,,,,,,,,,,,,,,,,,,,,,,,,
2015_05629,0.647800028324127,0.330199986696243,0.609300017356873,0.716799974441528,,,,,,,,,,,,,,,,,,,,,,,,,,,,
2015_05630,0.405200004577637,0.776300013065338,0.737200021743774,0.732500016689301,,,,,,,,,,,,,,,,,,,,,,,,,,,,
2015_05631,0.923699975013733,0.965300023555756,0.995700001716614,0.97979998588562,,,,,,,,,,,,,,,,,,,,,,,,,,,,
2015_05632,0.763599991798401,0.55019998550415,0.112899996340275,0.224399998784065,,,,,,,,,,,,,,,,,,,,,,,,,,,,
2015_05633,0.0854000002145767,0.139899998903275,0.0494000017642975,0.204699993133545,,,,,,,,,,,,,,,,,,,,,,,,,,,,
2015_05634,0.988200008869171,0.303299993276596,0.931699991226196,0.19820000231266,,,,,,,,,,,,,,,,,,,,,,,,,,,,
2015_05635,0.00540000014007092,0.105400003492832,0.0544999986886978,0.168999999761581,,,,,,,,,,,,,,,,,,,,,,,,,,,,
2015_05636,0.942300021648407,0.975799977779388,0.952600002288818,0.917800009250641,,,,,,,,,,,,,,,,,,,,,,,,,,,,
2015_05637,0.0696000009775162,0.14360000193119,0.0520000010728836,0.272899985313416,,,,,,,,,,,,,,,,,,,,,,,,,,,,
2015_05638,0.166299998760223,0.366899996995926,0.163200005888939,0.210500001907349,,,,,,,,,,,,,,,,,,,,,,,,,,,,
2015_05639,0.724900007247925,0.213499993085861,0.418999999761581,0.659300029277802,,,,,,,,,,,,,,,,,,,,,,,,,,,,
2015_05640,0.963599979877472,0.991699993610382,0.965099990367889,0.996599972248077,,,,,,,,,,,,,,,,,,,,,,,,,,,,
2015_05641,0.643199980258942,0.29670000076294,0.854399979114532,0.218799993395805,,,,,,,,,,,,,,,,,,,,,,,,,,,,
2015_05642,0.988699972629547,0.986800014972687,0.993799984455109,0.997200012207031,,,,,,,,,,,,,,,,,,,,,,,,,,,,
2015_05643,0.102799996733665,0.0379999987781048,0.190599992871285,0.168300002813339,,,,,,,,,,,,,,,,,,,,,,,,,,,,
2015_05644,0.665899991989136,0.706300020217896,0.967400014400482,0.917900025844574,,,,,,,,,,,,,,,,,,,,,,,,,,,,
2015_05645,0.101700000464916,0.476200014352799,0.558300018310547,0.512499988079071,,,,,,,,,,,,,,,,,,,,,,,,,,,,
2015_05646,0.0606000013649464,0.272000014781952,0.629899978637695,0.804400026798248,,,,,,,,,,,,,,,,,,,,,,,,,,,,
2015_05647,0.801400005817413,0.981599986553192,0.982999980449677,0.973200023174286,,,,,,,,,,,,,,,,,,,,,,,,,,,,
2015_05648,0.00139999995008111,0.0627999976277351,0.12610000371933,0.0573000013828278,,,,,,,,,,,,,,,,,,,,,,,,,,,,
2015_05649,0.970099985599518,0.993099987506866,0.986800014972687,0.963699996471405,,,,,,,,,,,,,,,,,,,,,,,,,,,,
2015_05650,0.180000007152557,0.265500009059906,0.0379000008106232,0.181999996304512,,,,,,,,,,,,,,,,,,,,,,,,,,,,
2015_05651,0.999,0.999,0.999,0.996599972248077,,,,,,,,,,,,,,,,,,,,,,,,,,,,
2015_05726,0.547999978065491,0.881500005722046,0.59579998254776,0.298400014638901,,,,,,,,,,,,,,,,,,,,,,,,,,,,
2015_05727,0.25330001115799,0.599300026893616,0.340299993753433,0.251399993896484,,,,,,,,,,,,,,,,,,,,,,,,,,,,
2015_05728,0.449600011110306,0.545099973678589,0.630100011825562,0.417499989271164,,,,,,,,,,,,,,,,,,,,,,,,,,,,
2015_05729,0.239500001072884,0.366800010204315,0.122900001704693,0.160099998116493,,,,,,,,,,,,,,,,,,,,,,,,,,,,
2015_05730,0.478199988603592,0.717199981212616,0.575900018215179,0.696799993515015,,,,,,,,,,,,,,,,,,,,,,,,,,,,
2015_05731,0.500599980354309,0.715900003910065,0.486999988555908,0.650699973106384,,,,,,,,,,,,,,,,,,,,,,,,,,,,
2015_05732,0.928399980068207,0.58459997177124,0.210500001907349,0.624800026416779,,,,,,,,,,,,,,,,,,,,,,,,,,,,
2015_05733,0.345600008964539,0.917699992656708,0.686800003051758,0.946600019931793,,,,,,,,,,,,,,,,,,,,,,,,,,,,
2015_05734,0.853299975395203,0.702099978923798,0.123800002038479,0.687200009822845,,,,,,,,,,,,,,,,,,,,,,,,,,,,
2015_05735,0.1266999989748,0.172700002789497,0.183699995279312,0.233799993991852,,,,,,,,,,,,,,,,,,,,,,,,,,,,
2015_05736,0.0723000019788742,0.253500014543533,0.133200004696846,0.207900002598763,,,,,,,,,,,,,,,,,,,,,,,,,,,,
2015_05737,0.0465999990701675,0.921500027179718,0.524999976158142,0.800100028514862,,,,,,,,,,,,,,,,,,,,,,,,,,,,
2015_05738,0.252700001001358,0.162000000476837,0.100000001490116,0.250499993562698,,,,,,,,,,,,,,,,,,,,,,,,,,,,
2015_05739,0.0983999967575073,0.476500004529953,0.125100001692772,0.656300008296967,,,,,,,,,,,,,,,,,,,,,,,,,,,,
2015_05740,0.439599990844727,0.518499970436096,0.64300000667572,0.669700026512146,,,,,,,,,,,,,,,,,,,,,,,,,,,,
2015_05741,0.16159999370575,0.749300003051758,0.431800007820129,0.288800001144409,,,,,,,,,,,,,,,,,,,,,,,,,,,,
2015_05742,0.375400006771088,0.854700028896332,0.639500021934509,0.865499973297119,,,,,,,,,,,,,,,,,,,,,,,,,,,,
2015_05743,0.241899996995926,0.392800003290176,0.834100008010864,0.845300018787384,,,,,,,,,,,,,,,,,,,,,,,,,,,,
2015_05744,0.175400003790855,0.60589998960495,0.671000003814697,0.721599996089935,,,,,,,,,,,,,,,,,,,,,,,,,,,,